{"loss": [0.7714207768440247, 0.19901898503303528, 0.10855495929718018, 0.07064454257488251, 0.05109383165836334, 0.046187497675418854, 0.03817949444055557, 0.03045140951871872, 0.029830262064933777, 0.0215775016695261], "accuracy": [0.7698129415512085, 0.9355573058128357, 0.9631552696228027, 0.976314127445221, 0.9831424951553345, 0.9847072958946228, 0.9876662492752075, 0.9900562167167664, 0.9904687404632568, 0.9933565855026245], "val_loss": [0.3190867006778717, 0.2746177911758423, 0.18386882543563843, 0.15326352417469025, 0.15083886682987213, 0.16626472771167755, 0.1604783684015274, 0.19237232208251953, 0.19968464970588684, 0.1752198338508606], "val_accuracy": [0.8967106938362122, 0.9138970971107483, 0.9469610452651978, 0.9547006487846375, 0.9569770097732544, 0.9537901282310486, 0.9570339322090149, 0.9514568448066711, 0.9514568448066711, 0.9617573618888855]}